{"cameraMode":{"drawMode":0,"name":"Shaded","section":"Shading Mode"},"sceneLighting":true,"audioPlay":false,"sceneViewState":{"m_AlwaysRefresh":false,"showFog":true,"showSkybox":true,"showFlares":true,"showImageEffects":true,"showParticleSystems":true,"showVisualEffectGraphs":true,"m_FxEnabled":false},"in2DMode":false,"pivot":{"x":1047.4908447265625,"y":624.785400390625,"z":24.988483428955079},"rotation":{"x":-0.16186194121837617,"y":-0.020429519936442376,"z":0.0033469253685325386,"w":-0.9866105318069458},"size":1300.2860107421875,"orthographic":false}